排名,标题,链接,热点
1,韩国汉江惊现巨型不明物体,https://s.weibo.com/weibo?q=%23%E5%B9%BF%E6%B3%9B%E6%B7%B1%E5%85%A5%E5%AF%9F%E6%B0%91%E6%83%85%E5%90%AC%E6%B0%91%E5%A3%B0%E6%B1%87%E6%B0%91%E6%99%BA%23&Refer=new_time, 1764437
2,赵露思直播同款被卖断货,https://s.weibo.com/weibo?q=%23%E9%9F%A9%E5%9B%BD%E6%B1%89%E6%B1%9F%E6%83%8A%E7%8E%B0%E5%B7%A8%E5%9E%8B%E4%B8%8D%E6%98%8E%E7%89%A9%E4%BD%93%23&t=31&band_rank=1&Refer=top, 1131298
3,山东舰辽宁舰并肩向前,https://s.weibo.com/weibo?q=%23%E8%B5%B5%E9%9C%B2%E6%80%9D%E7%9B%B4%E6%92%AD%E5%90%8C%E6%AC%BE%E8%A2%AB%E5%8D%96%E6%96%AD%E8%B4%A7%23&t=31&band_rank=2&Refer=top, 1024880
4,酷似大S女生称未模仿大S未整容,https://s.weibo.com/weibo?q=%23%E5%B1%B1%E4%B8%9C%E8%88%B0%E8%BE%BD%E5%AE%81%E8%88%B0%E5%B9%B6%E8%82%A9%E5%90%91%E5%89%8D%23&t=31&band_rank=3&Refer=top, 1015457
5,韩国演员宋英奎去世,https://s.weibo.com/weibo?q=%23%E9%85%B7%E4%BC%BC%E5%A4%A7S%E5%A5%B3%E7%94%9F%E7%A7%B0%E6%9C%AA%E6%A8%A1%E4%BB%BF%E5%A4%A7S%E6%9C%AA%E6%95%B4%E5%AE%B9%23&t=31&band_rank=4&Refer=top, 940940
6,内裤袜子混洗把脚气真菌传到面部,https://s.weibo.com/weibo?q=%E9%9F%A9%E5%9B%BD%E6%BC%94%E5%91%98%E5%AE%8B%E8%8B%B1%E5%A5%8E%E5%8E%BB%E4%B8%96&t=31&band_rank=5&Refer=top, 556571
7,老师才是天选养花人,https://s.weibo.com/weibo?q=%23%E5%86%85%E8%A3%A4%E8%A2%9C%E5%AD%90%E6%B7%B7%E6%B4%97%E6%8A%8A%E8%84%9A%E6%B0%94%E7%9C%9F%E8%8F%8C%E4%BC%A0%E5%88%B0%E9%9D%A2%E9%83%A8%23&t=31&band_rank=6&Refer=top, 
8,警方通报14岁女孩校外被殴打,https://s.weibo.comjavascript:void(0);, 466639
9,导演说迪丽热巴付出牺牲特别大,https://s.weibo.com/weibo?q=%23%E8%AD%A6%E6%96%B9%E9%80%9A%E6%8A%A514%E5%B2%81%E5%A5%B3%E5%AD%A9%E6%A0%A1%E5%A4%96%E8%A2%AB%E6%AE%B4%E6%89%93%23&t=31&band_rank=7&Refer=top,剧集 462238
10,24岁女生回应神似大S走红,https://s.weibo.com/weibo?q=%23%E5%AF%BC%E6%BC%94%E8%AF%B4%E8%BF%AA%E4%B8%BD%E7%83%AD%E5%B7%B4%E4%BB%98%E5%87%BA%E7%89%BA%E7%89%B2%E7%89%B9%E5%88%AB%E5%A4%A7%23&t=31&band_rank=8&Refer=top, 456704
11,印度一警察向洪水献上牛奶花瓣,https://s.weibo.com/weibo?q=%2324%E5%B2%81%E5%A5%B3%E7%94%9F%E5%9B%9E%E5%BA%94%E7%A5%9E%E4%BC%BC%E5%A4%A7S%E8%B5%B0%E7%BA%A2%23&t=31&band_rank=9&Refer=top, 454187
12,娜扎疑似与张云龙已分手,https://s.weibo.com/weibo?q=%23%E5%8D%B0%E5%BA%A6%E4%B8%80%E8%AD%A6%E5%AF%9F%E5%90%91%E6%B4%AA%E6%B0%B4%E7%8C%AE%E4%B8%8A%E7%89%9B%E5%A5%B6%E8%8A%B1%E7%93%A3%23&t=31&band_rank=10&Refer=top, 447880
13,亲生和亲自生的区别,https://s.weibo.com/weibo?q=%23%E5%A8%9C%E6%89%8E%E7%96%91%E4%BC%BC%E4%B8%8E%E5%BC%A0%E4%BA%91%E9%BE%99%E5%B7%B2%E5%88%86%E6%89%8B%23&t=31&band_rank=11&Refer=top, 439567
14,黄奕带女儿赴韩国学习唱跳,https://s.weibo.com/weibo?q=%E4%BA%B2%E7%94%9F%E5%92%8C%E4%BA%B2%E8%87%AA%E7%94%9F%E7%9A%84%E5%8C%BA%E5%88%AB&t=31&band_rank=12&Refer=top, 437525
15,男子在景区坠崖身亡目击者发声,https://s.weibo.com/weibo?q=%23%E9%BB%84%E5%A5%95%E5%B8%A6%E5%A5%B3%E5%84%BF%E8%B5%B4%E9%9F%A9%E5%9B%BD%E5%AD%A6%E4%B9%A0%E5%94%B1%E8%B7%B3%23&t=31&band_rank=13&Refer=top, 433080
16,唐国强不知道假唱也要举话筒,https://s.weibo.com/weibo?q=%23%E7%94%B7%E5%AD%90%E5%9C%A8%E6%99%AF%E5%8C%BA%E5%9D%A0%E5%B4%96%E8%BA%AB%E4%BA%A1%E7%9B%AE%E5%87%BB%E8%80%85%E5%8F%91%E5%A3%B0%23&t=31&band_rank=14&Refer=top, 401321
17,曾辉韩雨彤这次真的不一样,https://s.weibo.com/weibo?q=%E5%94%90%E5%9B%BD%E5%BC%BA%E4%B8%8D%E7%9F%A5%E9%81%93%E5%81%87%E5%94%B1%E4%B9%9F%E8%A6%81%E4%B8%BE%E8%AF%9D%E7%AD%92&t=31&band_rank=15&Refer=top, 367475
18,深圳将迎今年以来最强暴雨,https://s.weibo.com/weibo?q=%E6%9B%BE%E8%BE%89%E9%9F%A9%E9%9B%A8%E5%BD%A4%E8%BF%99%E6%AC%A1%E7%9C%9F%E7%9A%84%E4%B8%8D%E4%B8%80%E6%A0%B7&t=31&band_rank=16&Refer=top, 307383
19,心动的信号,https://s.weibo.com/weibo?q=%23%E6%B7%B1%E5%9C%B3%E5%B0%86%E8%BF%8E%E4%BB%8A%E5%B9%B4%E4%BB%A5%E6%9D%A5%E6%9C%80%E5%BC%BA%E6%9A%B4%E9%9B%A8%23&t=31&band_rank=17&Refer=top,综艺 302981
20,白马寺每天提供60多桶水供游客饮用,https://s.weibo.com/weibo?q=%E5%BF%83%E5%8A%A8%E7%9A%84%E4%BF%A1%E5%8F%B7&t=31&band_rank=18&Refer=top, 274869
21,小妖怪送10万杯奶茶,https://s.weibo.com/weibo?q=%23%E7%99%BD%E9%A9%AC%E5%AF%BA%E6%AF%8F%E5%A4%A9%E6%8F%90%E4%BE%9B60%E5%A4%9A%E6%A1%B6%E6%B0%B4%E4%BE%9B%E6%B8%B8%E5%AE%A2%E9%A5%AE%E7%94%A8%23&t=31&band_rank=19&Refer=top, 270512
22,查尔莫斯取关潘展乐,https://s.weibo.com/weibo?q=%23%E5%B0%8F%E5%A6%96%E6%80%AA%E9%80%8110%E4%B8%87%E6%9D%AF%E5%A5%B6%E8%8C%B6%23&t=31&band_rank=20&Refer=top, 270469
23,purplekiss解散,https://s.weibo.com/weibo?q=%23%E6%9F%A5%E5%B0%94%E8%8E%AB%E6%96%AF%E5%8F%96%E5%85%B3%E6%BD%98%E5%B1%95%E4%B9%90%23&t=31&band_rank=21&Refer=top, 270331
24,管乐回应和小酒窝长得像,https://s.weibo.com/weibo?q=%23purplekiss%E8%A7%A3%E6%95%A3%23&t=31&band_rank=22&Refer=top, 261687
25,肖战每年都无缝进组,https://s.weibo.com/weibo?q=%E7%AE%A1%E4%B9%90%E5%9B%9E%E5%BA%94%E5%92%8C%E5%B0%8F%E9%85%92%E7%AA%9D%E9%95%BF%E5%BE%97%E5%83%8F&t=31&band_rank=23&Refer=top, 251006
26,李登科否认娜扎分手,https://s.weibo.com/weibo?q=%23%E8%82%96%E6%88%98%E6%AF%8F%E5%B9%B4%E9%83%BD%E6%97%A0%E7%BC%9D%E8%BF%9B%E7%BB%84%23&t=31&band_rank=24&Refer=top, 246113
27,原神菲林斯,https://s.weibo.com/weibo?q=%23%E6%9D%8E%E7%99%BB%E7%A7%91%E5%90%A6%E8%AE%A4%E5%A8%9C%E6%89%8E%E5%88%86%E6%89%8B%23&t=31&band_rank=25&Refer=top, 227067
28,崩坏星穹铁道,https://s.weibo.com/weibo?q=%E5%8E%9F%E7%A5%9E%E8%8F%B2%E6%9E%97%E6%96%AF&t=31&band_rank=26&Refer=top, 215134
29,3天后就立秋了,https://s.weibo.com/weibo?q=%E5%B4%A9%E5%9D%8F%E6%98%9F%E7%A9%B9%E9%93%81%E9%81%93&t=31&band_rank=27&Refer=top, 213655
30,胡先煦说张子枫打得很棒,https://s.weibo.com/weibo?q=%233%E5%A4%A9%E5%90%8E%E5%B0%B1%E7%AB%8B%E7%A7%8B%E4%BA%86%23&t=31&band_rank=28&Refer=top, 213118
31,部分日本人不满交单身税补贴生育,https://s.weibo.com/weibo?q=%E8%83%A1%E5%85%88%E7%85%A6%E8%AF%B4%E5%BC%A0%E5%AD%90%E6%9E%AB%E6%89%93%E5%BE%97%E5%BE%88%E6%A3%92&t=31&band_rank=29&Refer=top, 212548
32,学费44万的大学录取通知书长什么样,https://s.weibo.com/weibo?q=%23%E9%83%A8%E5%88%86%E6%97%A5%E6%9C%AC%E4%BA%BA%E4%B8%8D%E6%BB%A1%E4%BA%A4%E5%8D%95%E8%BA%AB%E7%A8%8E%E8%A1%A5%E8%B4%B4%E7%94%9F%E8%82%B2%23&t=31&band_rank=30&Refer=top, 211918
33,9个免费的国家级自学平台,https://s.weibo.com/weibo?q=%E5%AD%A6%E8%B4%B944%E4%B8%87%E7%9A%84%E5%A4%A7%E5%AD%A6%E5%BD%95%E5%8F%96%E9%80%9A%E7%9F%A5%E4%B9%A6%E9%95%BF%E4%BB%80%E4%B9%88%E6%A0%B7&t=31&band_rank=31&Refer=top, 211742
34,柯基怀孕2个月到剖腹产的状态,https://s.weibo.com/weibo?q=9%E4%B8%AA%E5%85%8D%E8%B4%B9%E7%9A%84%E5%9B%BD%E5%AE%B6%E7%BA%A7%E8%87%AA%E5%AD%A6%E5%B9%B3%E5%8F%B0&t=31&band_rank=32&Refer=top, 211186
35,泰国僧侣性丑闻,https://s.weibo.com/weibo?q=%E6%9F%AF%E5%9F%BA%E6%80%80%E5%AD%952%E4%B8%AA%E6%9C%88%E5%88%B0%E5%89%96%E8%85%B9%E4%BA%A7%E7%9A%84%E7%8A%B6%E6%80%81&t=31&band_rank=33&Refer=top, 210438
36,TVB男演员做香港旅行陪玩,https://s.weibo.com/weibo?q=%23%E6%B3%B0%E5%9B%BD%E5%83%A7%E4%BE%A3%E6%80%A7%E4%B8%91%E9%97%BB%23&t=31&band_rank=34&Refer=top, 203329
37,赵露思涨粉近33万,https://s.weibo.com/weibo?q=TVB%E7%94%B7%E6%BC%94%E5%91%98%E5%81%9A%E9%A6%99%E6%B8%AF%E6%97%85%E8%A1%8C%E9%99%AA%E7%8E%A9&t=31&band_rank=35&Refer=top, 199735
38,黄奕女儿韩国体验练习生,https://s.weibo.com/weibo?q=%23%E8%B5%B5%E9%9C%B2%E6%80%9D%E6%B6%A8%E7%B2%89%E8%BF%9133%E4%B8%87%23&t=31&band_rank=36&Refer=top, 198361
39,哪吒捕妖队 2.5亿人,https://s.weibo.com/weibo?q=%23%E9%BB%84%E5%A5%95%E5%A5%B3%E5%84%BF%E9%9F%A9%E5%9B%BD%E4%BD%93%E9%AA%8C%E7%BB%83%E4%B9%A0%E7%94%9F%23&t=31&band_rank=37&Refer=top,电影 196964
40,14岁女孩遭殴打两人被送学校矫正,https://s.weibo.com/weibo?q=%E5%93%AA%E5%90%92%E6%8D%95%E5%A6%96%E9%98%9F%202.5%E4%BA%BF%E4%BA%BA&t=31&band_rank=38&Refer=top, 193017
41,杨洋3句台词6个心眼,https://s.weibo.com/weibo?q=%2314%E5%B2%81%E5%A5%B3%E5%AD%A9%E9%81%AD%E6%AE%B4%E6%89%93%E4%B8%A4%E4%BA%BA%E8%A2%AB%E9%80%81%E5%AD%A6%E6%A0%A1%E7%9F%AB%E6%AD%A3%23&t=31&band_rank=39&Refer=top,剧集 187329
42,女童喂马被咬断手指,https://s.weibo.com/weibo?q=%E6%9D%A8%E6%B4%8B3%E5%8F%A5%E5%8F%B0%E8%AF%8D6%E4%B8%AA%E5%BF%83%E7%9C%BC&t=31&band_rank=40&Refer=top, 184623
43,赵丽颖短发九宫格,https://s.weibo.com/weibo?q=%23%E5%A5%B3%E7%AB%A5%E5%96%82%E9%A9%AC%E8%A2%AB%E5%92%AC%E6%96%AD%E6%89%8B%E6%8C%87%23&t=31&band_rank=41&Refer=top, 179315
44,陈梦巴黎15宫格,https://s.weibo.com/weibo?q=%23%E8%B5%B5%E4%B8%BD%E9%A2%96%E7%9F%AD%E5%8F%91%E4%B9%9D%E5%AE%AB%E6%A0%BC%23&t=31&band_rank=42&Refer=top, 170532
45,给内耗的人一句终极解药,https://s.weibo.com/weibo?q=%23%E9%99%88%E6%A2%A6%E5%B7%B4%E9%BB%8E15%E5%AE%AB%E6%A0%BC%23&t=31&band_rank=43&Refer=top, 166900
46,全球贸易史上迎来黑暗一天,https://s.weibo.com/weibo?q=%E7%BB%99%E5%86%85%E8%80%97%E7%9A%84%E4%BA%BA%E4%B8%80%E5%8F%A5%E7%BB%88%E6%9E%81%E8%A7%A3%E8%8D%AF&t=31&band_rank=44&Refer=top, 160726
47,请把敖瑞鹏宋威龙这视频给沈月看,https://s.weibo.com/weibo?q=%23%E5%85%A8%E7%90%83%E8%B4%B8%E6%98%93%E5%8F%B2%E4%B8%8A%E8%BF%8E%E6%9D%A5%E9%BB%91%E6%9A%97%E4%B8%80%E5%A4%A9%23&t=31&band_rank=45&Refer=top, 158779
48,灵隐寺回应自制辣椒酱超级超级辣,https://s.weibo.com/weibo?q=%E8%AF%B7%E6%8A%8A%E6%95%96%E7%91%9E%E9%B9%8F%E5%AE%8B%E5%A8%81%E9%BE%99%E8%BF%99%E8%A7%86%E9%A2%91%E7%BB%99%E6%B2%88%E6%9C%88%E7%9C%8B&t=31&band_rank=46&Refer=top, 156980
49,樊振东巴黎夺冠新闻长度四分钟,https://s.weibo.com/weibo?q=%23%E7%81%B5%E9%9A%90%E5%AF%BA%E5%9B%9E%E5%BA%94%E8%87%AA%E5%88%B6%E8%BE%A3%E6%A4%92%E9%85%B1%E8%B6%85%E7%BA%A7%E8%B6%85%E7%BA%A7%E8%BE%A3%23&t=31&band_rank=47&Refer=top, 154968
50,林志炫鼻窦炎手术是歌迷做的,https://s.weibo.com/weibo?q=%23%E6%A8%8A%E6%8C%AF%E4%B8%9C%E5%B7%B4%E9%BB%8E%E5%A4%BA%E5%86%A0%E6%96%B0%E9%97%BB%E9%95%BF%E5%BA%A6%E5%9B%9B%E5%88%86%E9%92%9F%23&t=31&band_rank=48&Refer=top, 152974
51,恋与深空,https://s.weibo.com/weibo?q=%E6%9E%97%E5%BF%97%E7%82%AB%E9%BC%BB%E7%AA%A6%E7%82%8E%E6%89%8B%E6%9C%AF%E6%98%AF%E6%AD%8C%E8%BF%B7%E5%81%9A%E7%9A%84&t=31&band_rank=49&Refer=top, 148317
