热搜排名,热搜标题,描述,热搜指数,链接地址,封图链接
0,海岸线上的绿色“国宝”,在我国东南沿海，生长着一片片神奇的胎生植物群落。它们好似一颗颗绿色的宝石，镶嵌在蜿蜒的海岸线上，绿意弥漫间形成美丽的“海上森林”。它们就是被称为“海岸卫士”“海洋绿肺”的红树林。,7912375,https://m.baidu.com/s?word=%E6%B5%B7%E5%B2%B8%E7%BA%BF%E4%B8%8A%E7%9A%84%E7%BB%BF%E8%89%B2%E2%80%9C%E5%9B%BD%E5%AE%9D%E2%80%9D&sa=fyb_news,https://fyb-2.cdn.bcebos.com/hotboard_image/2827d59a2f3c2eeece3ff31f3e7fe01d
1,奥斯卡评委喊话饺子导演,当地时间2月14日，电影《哪吒2》在美国上映，一票难求。在洛杉矶，两位奥斯卡评委喊话饺子，希望《哪吒2》可以角逐奥斯卡奖。,7903657,https://m.baidu.com/s?word=%E5%A5%A5%E6%96%AF%E5%8D%A1%E8%AF%84%E5%A7%94%E5%96%8A%E8%AF%9D%E9%A5%BA%E5%AD%90%E5%AF%BC%E6%BC%94&sa=fyb_news,https://fyb-2.cdn.bcebos.com/hotboard_image/1aec367b80f7664e1ec00e9027110b05
2,男子奔丧后精神异常认不出妻儿,近日，深圳一男子回老家为母亲奔丧后，突然出现胡言乱语等情况，甚至连妻儿兄弟都不认识了。最终，其被诊断为病毒性脑膜炎。,7863071,https://m.baidu.com/s?word=%E7%94%B7%E5%AD%90%E5%A5%94%E4%B8%A7%E5%90%8E%E7%B2%BE%E7%A5%9E%E5%BC%82%E5%B8%B8%E8%AE%A4%E4%B8%8D%E5%87%BA%E5%A6%BB%E5%84%BF&sa=fyb_news,https://fyb-2.cdn.bcebos.com/hotboard_image/19dc1992d1705c6a8bbc38f7190e053d
3,希望田野奏响春耕春管“交响曲”,春回大地，眼下春季田间管理和春耕生产陆续展开。各地抢抓农时，有针对性地采取措施，加紧春季农业生产。,7794437,https://m.baidu.com/s?word=%E5%B8%8C%E6%9C%9B%E7%94%B0%E9%87%8E%E5%A5%8F%E5%93%8D%E6%98%A5%E8%80%95%E6%98%A5%E7%AE%A1%E2%80%9C%E4%BA%A4%E5%93%8D%E6%9B%B2%E2%80%9D&sa=fyb_news,https://fyb-2.cdn.bcebos.com/hotboard_image/d8db5ef25996005fdbf682330ddd3458
4,《美队4》首日票房不及《哪吒2》零头,,7610272,https://m.baidu.com/s?word=%E3%80%8A%E7%BE%8E%E9%98%9F4%E3%80%8B%E9%A6%96%E6%97%A5%E7%A5%A8%E6%88%BF%E4%B8%8D%E5%8F%8A%E3%80%8A%E5%93%AA%E5%90%922%E3%80%8B%E9%9B%B6%E5%A4%B4&sa=fyb_news,https://fyb-1.cdn.bcebos.com/fyb/de6163834f53ca92c1273fff98ac9078.jpeg
5,《哪吒2》破百亿 小区摆千人坝坝宴,2月15日，有网友发布视频称：成都一小区物业请千人免费吃坝坝宴，庆祝电影《哪吒2》票房破百亿。,7589609,https://m.baidu.com/s?word=%E3%80%8A%E5%93%AA%E5%90%922%E3%80%8B%E7%A0%B4%E7%99%BE%E4%BA%BF+%E5%B0%8F%E5%8C%BA%E6%91%86%E5%8D%83%E4%BA%BA%E5%9D%9D%E5%9D%9D%E5%AE%B4&sa=fyb_news,https://fyb-2.cdn.bcebos.com/hotboard_image/e9cd21f5653c95030dbb1b03f3e6af41
6,湖南卫视惊喜重映《哪吒闹海》,,7485298,https://m.baidu.com/s?word=%E6%B9%96%E5%8D%97%E5%8D%AB%E8%A7%86%E6%83%8A%E5%96%9C%E9%87%8D%E6%98%A0%E3%80%8A%E5%93%AA%E5%90%92%E9%97%B9%E6%B5%B7%E3%80%8B&sa=fyb_news,https://fyb-1.cdn.bcebos.com/fyb/de6163834f53ca92c1273fff98ac9078.jpeg
7,32岁病逝女博士本已开始筹备婚礼,2月8日，32岁的中国计量大学光学与电子科技学院讲师石召君博士因病去世。2月15日，记者了解到石召君离世前已开始筹备婚礼。,7308726,https://m.baidu.com/s?word=32%E5%B2%81%E7%97%85%E9%80%9D%E5%A5%B3%E5%8D%9A%E5%A3%AB%E6%9C%AC%E5%B7%B2%E5%BC%80%E5%A7%8B%E7%AD%B9%E5%A4%87%E5%A9%9A%E7%A4%BC&sa=fyb_news,https://fyb-2.cdn.bcebos.com/hotboard_image/6ea933014bcabe054ee40cb34a27853f
8,吴镇宇不解只一味用脸骂人,近日，综艺《演员请就位3》播出。节目现场讨论整容、被换角等话题，表演环节抽象。网友：吴镇宇不解只一味用脸骂人。,7292444,https://m.baidu.com/s?word=%E5%90%B4%E9%95%87%E5%AE%87%E4%B8%8D%E8%A7%A3%E5%8F%AA%E4%B8%80%E5%91%B3%E7%94%A8%E8%84%B8%E9%AA%82%E4%BA%BA&sa=fyb_news,https://fyb-2.cdn.bcebos.com/hotboard_image/718c88c567d374874aae2f05ac315d38
9,套圈中170万玛莎拉蒂男子称想折现,,7154308,https://m.baidu.com/s?word=%E5%A5%97%E5%9C%88%E4%B8%AD170%E4%B8%87%E7%8E%9B%E8%8E%8E%E6%8B%89%E8%92%82%E7%94%B7%E5%AD%90%E7%A7%B0%E6%83%B3%E6%8A%98%E7%8E%B0&sa=fyb_news,https://fyb-1.cdn.bcebos.com/fyb/de6163834f53ca92c1273fff98ac9078.jpeg
10,41岁媒体人吴玉燕因严重流感离世,,7053644,https://m.baidu.com/s?word=41%E5%B2%81%E5%AA%92%E4%BD%93%E4%BA%BA%E5%90%B4%E7%8E%89%E7%87%95%E5%9B%A0%E4%B8%A5%E9%87%8D%E6%B5%81%E6%84%9F%E7%A6%BB%E4%B8%96&sa=fyb_news,https://fyb-1.cdn.bcebos.com/fyb/de6163834f53ca92c1273fff98ac9078.jpeg
11,丰田称开发出第三代燃料电池系统,,6916013,https://m.baidu.com/s?word=%E4%B8%B0%E7%94%B0%E7%A7%B0%E5%BC%80%E5%8F%91%E5%87%BA%E7%AC%AC%E4%B8%89%E4%BB%A3%E7%87%83%E6%96%99%E7%94%B5%E6%B1%A0%E7%B3%BB%E7%BB%9F&sa=fyb_news,https://fyb-1.cdn.bcebos.com/fyb/de6163834f53ca92c1273fff98ac9078.jpeg
12,开学第一天小学倒闭？当地回应,2月14日，河南驻马店一小学被曝开学第一天倒闭。当地辟谣：学校运行正常，可能是学生来晚了，上课时间校门是关的。,6859149,https://m.baidu.com/s?word=%E5%BC%80%E5%AD%A6%E7%AC%AC%E4%B8%80%E5%A4%A9%E5%B0%8F%E5%AD%A6%E5%80%92%E9%97%AD%EF%BC%9F%E5%BD%93%E5%9C%B0%E5%9B%9E%E5%BA%94&sa=fyb_news,https://fyb-2.cdn.bcebos.com/hotboard_image/eb6a3436574c86c464b0a5e32059302e
13,男子利用15分钟内免停车费逃费71次,近日，江苏一名车主利用“停车不足15分钟”钻空子：该车主利用此方法71次逃避缴纳停车费，总金额2500余元。,6750760,https://m.baidu.com/s?word=%E7%94%B7%E5%AD%90%E5%88%A9%E7%94%A815%E5%88%86%E9%92%9F%E5%86%85%E5%85%8D%E5%81%9C%E8%BD%A6%E8%B4%B9%E9%80%83%E8%B4%B971%E6%AC%A1&sa=fyb_news,https://fyb-2.cdn.bcebos.com/hotboard_image/6230db7b7986326c961cebff6ffdecb4
14,王毅：若美执意打压 中国必奉陪到底,2月14日，出席第61届慕尼黑安全会议的外交部长王毅在回答有关中美关系提问时表示：若美执意打压遏制，中国必将奉陪到底。,6622103,https://m.baidu.com/s?word=%E7%8E%8B%E6%AF%85%EF%BC%9A%E8%8B%A5%E7%BE%8E%E6%89%A7%E6%84%8F%E6%89%93%E5%8E%8B+%E4%B8%AD%E5%9B%BD%E5%BF%85%E5%A5%89%E9%99%AA%E5%88%B0%E5%BA%95&sa=fyb_news,https://fyb-2.cdn.bcebos.com/hotboard_image/91d6ff69383ad7f1a024c61b7fea84f6
15,深圳一“露天KTV”噪音扰民,,6571244,https://m.baidu.com/s?word=%E6%B7%B1%E5%9C%B3%E4%B8%80%E2%80%9C%E9%9C%B2%E5%A4%A9KTV%E2%80%9D%E5%99%AA%E9%9F%B3%E6%89%B0%E6%B0%91&sa=fyb_news,https://fyb-1.cdn.bcebos.com/fyb/de6163834f53ca92c1273fff98ac9078.jpeg
16,DeepSeek翻译他强任他强清风拂山岗,王毅14日出席慕尼黑安全会议，在中国专场致辞并回答提问。期间，他引用了几句中国古语，并建议外媒找DeepSeek帮忙翻译。,6422402,https://m.baidu.com/s?word=DeepSeek%E7%BF%BB%E8%AF%91%E4%BB%96%E5%BC%BA%E4%BB%BB%E4%BB%96%E5%BC%BA%E6%B8%85%E9%A3%8E%E6%8B%82%E5%B1%B1%E5%B2%97&sa=fyb_news,https://fyb-2.cdn.bcebos.com/hotboard_image/4472615950e8d78fae9d2bccf597d9c2
17,中国新发现10个亿吨级油田,,6305705,https://m.baidu.com/s?word=%E4%B8%AD%E5%9B%BD%E6%96%B0%E5%8F%91%E7%8E%B010%E4%B8%AA%E4%BA%BF%E5%90%A8%E7%BA%A7%E6%B2%B9%E7%94%B0&sa=fyb_news,https://fyb-1.cdn.bcebos.com/fyb/de6163834f53ca92c1273fff98ac9078.jpeg
18,韩媒：山东泰山已向光州FC发送道歉信,,6248688,https://m.baidu.com/s?word=%E9%9F%A9%E5%AA%92%EF%BC%9A%E5%B1%B1%E4%B8%9C%E6%B3%B0%E5%B1%B1%E5%B7%B2%E5%90%91%E5%85%89%E5%B7%9EFC%E5%8F%91%E9%80%81%E9%81%93%E6%AD%89%E4%BF%A1&sa=fyb_news,https://fyb-1.cdn.bcebos.com/fyb/de6163834f53ca92c1273fff98ac9078.jpeg
19,特斯拉计划量产10万台人形机器人,,6114351,https://m.baidu.com/s?word=%E7%89%B9%E6%96%AF%E6%8B%89%E8%AE%A1%E5%88%92%E9%87%8F%E4%BA%A710%E4%B8%87%E5%8F%B0%E4%BA%BA%E5%BD%A2%E6%9C%BA%E5%99%A8%E4%BA%BA&sa=fyb_news,https://fyb-1.cdn.bcebos.com/fyb/de6163834f53ca92c1273fff98ac9078.jpeg
20,律师提醒情人节捡垃圾或违法,情人节期间，有人将翻捡垃圾桶视为“寻宝”途径。律师提醒：情人节捡垃圾或违法，可能涉及侵占罪不当得利。,6006704,https://m.baidu.com/s?word=%E5%BE%8B%E5%B8%88%E6%8F%90%E9%86%92%E6%83%85%E4%BA%BA%E8%8A%82%E6%8D%A1%E5%9E%83%E5%9C%BE%E6%88%96%E8%BF%9D%E6%B3%95&sa=fyb_news,https://fyb-2.cdn.bcebos.com/hotboard_image/f8bbdb65481830c2f01a77618105d84c
21,葱油饼老板因跳投卖饼走红,,5975412,https://m.baidu.com/s?word=%E8%91%B1%E6%B2%B9%E9%A5%BC%E8%80%81%E6%9D%BF%E5%9B%A0%E8%B7%B3%E6%8A%95%E5%8D%96%E9%A5%BC%E8%B5%B0%E7%BA%A2&sa=fyb_news,https://fyb-1.cdn.bcebos.com/fyb/de6163834f53ca92c1273fff98ac9078.jpeg
22,海关查获1.2公斤生腌响尾蛇,,5881273,https://m.baidu.com/s?word=%E6%B5%B7%E5%85%B3%E6%9F%A5%E8%8E%B71.2%E5%85%AC%E6%96%A4%E7%94%9F%E8%85%8C%E5%93%8D%E5%B0%BE%E8%9B%87&sa=fyb_news,https://fyb-1.cdn.bcebos.com/fyb/de6163834f53ca92c1273fff98ac9078.jpeg
23,春晚才过两周机器人就进化成这样了,据悉，春晚机器人算法已完成升级，能够轻松应对任意舞蹈挑战，实现流畅自如的舞蹈表演。,5799953,https://m.baidu.com/s?word=%E6%98%A5%E6%99%9A%E6%89%8D%E8%BF%87%E4%B8%A4%E5%91%A8%E6%9C%BA%E5%99%A8%E4%BA%BA%E5%B0%B1%E8%BF%9B%E5%8C%96%E6%88%90%E8%BF%99%E6%A0%B7%E4%BA%86&sa=fyb_news,https://fyb-2.cdn.bcebos.com/hotboard_image/75b70027e53ebd285acb360e7a0e51f8
24,10岁女孩看《哪吒2》后决心捐髓救父,,5677179,https://m.baidu.com/s?word=10%E5%B2%81%E5%A5%B3%E5%AD%A9%E7%9C%8B%E3%80%8A%E5%93%AA%E5%90%922%E3%80%8B%E5%90%8E%E5%86%B3%E5%BF%83%E6%8D%90%E9%AB%93%E6%95%91%E7%88%B6&sa=fyb_news,https://fyb-1.cdn.bcebos.com/fyb/de6163834f53ca92c1273fff98ac9078.jpeg
25,男孩开学发现女同学转学崩溃大哭,开学第一天得知隔壁班女同学转学，7岁男孩崩溃大哭，妈妈帮联系。,5583750,https://m.baidu.com/s?word=%E7%94%B7%E5%AD%A9%E5%BC%80%E5%AD%A6%E5%8F%91%E7%8E%B0%E5%A5%B3%E5%90%8C%E5%AD%A6%E8%BD%AC%E5%AD%A6%E5%B4%A9%E6%BA%83%E5%A4%A7%E5%93%AD&sa=fyb_news,https://fyb-2.cdn.bcebos.com/hotboard_image/a98558ca60114cc41fd1fe031bc87e30
26,人形机器人离大规模商用有多远,,5417686,https://m.baidu.com/s?word=%E4%BA%BA%E5%BD%A2%E6%9C%BA%E5%99%A8%E4%BA%BA%E7%A6%BB%E5%A4%A7%E8%A7%84%E6%A8%A1%E5%95%86%E7%94%A8%E6%9C%89%E5%A4%9A%E8%BF%9C&sa=fyb_news,https://fyb-1.cdn.bcebos.com/fyb/de6163834f53ca92c1273fff98ac9078.jpeg
27,43岁港星赴印度出家 剃发照片曝光,近日，43岁港星李日朗赴印度出家，他在社交媒体上分享剃发后照片。港媒猜测，可能与感情受挫有关，他相恋7年的女友与富商订婚。,5374076,https://m.baidu.com/s?word=43%E5%B2%81%E6%B8%AF%E6%98%9F%E8%B5%B4%E5%8D%B0%E5%BA%A6%E5%87%BA%E5%AE%B6+%E5%89%83%E5%8F%91%E7%85%A7%E7%89%87%E6%9B%9D%E5%85%89&sa=fyb_news,https://fyb-2.cdn.bcebos.com/hotboard_image/398e64f21b28c1b691b1d4dcceaee1ad
28,惠英红脸上缝了89针,近日，在综艺《演员请就位3》上，惠英红自曝脸上缝过89针！她称之前拍戏被硬物伤到，不得不开刀整容。,5202312,https://m.baidu.com/s?word=%E6%83%A0%E8%8B%B1%E7%BA%A2%E8%84%B8%E4%B8%8A%E7%BC%9D%E4%BA%8689%E9%92%88&sa=fyb_news,https://fyb-2.cdn.bcebos.com/hotboard_image/bfba4ebc8f6e42c997489b5f712b37b1
29,中部六省省会城市定位全部出炉,目前，中部六省省会城市的国土空间总体规划（2021—2035年）已全部获批复。其中，长沙被认定为“长江中游地区中心城市”。,5127804,https://m.baidu.com/s?word=%E4%B8%AD%E9%83%A8%E5%85%AD%E7%9C%81%E7%9C%81%E4%BC%9A%E5%9F%8E%E5%B8%82%E5%AE%9A%E4%BD%8D%E5%85%A8%E9%83%A8%E5%87%BA%E7%82%89&sa=fyb_news,https://fyb-2.cdn.bcebos.com/hotboard_image/4a8f7b0d85c20ec791efd6d7be9fdcc7
30,南宁一大桥发生交通事故多人躺地,,5007398,https://m.baidu.com/s?word=%E5%8D%97%E5%AE%81%E4%B8%80%E5%A4%A7%E6%A1%A5%E5%8F%91%E7%94%9F%E4%BA%A4%E9%80%9A%E4%BA%8B%E6%95%85%E5%A4%9A%E4%BA%BA%E8%BA%BA%E5%9C%B0&sa=fyb_news,https://fyb-1.cdn.bcebos.com/fyb/de6163834f53ca92c1273fff98ac9078.jpeg
31,命案嫌犯尸体在废弃瓷窑内被发现,,4980985,https://m.baidu.com/s?word=%E5%91%BD%E6%A1%88%E5%AB%8C%E7%8A%AF%E5%B0%B8%E4%BD%93%E5%9C%A8%E5%BA%9F%E5%BC%83%E7%93%B7%E7%AA%91%E5%86%85%E8%A2%AB%E5%8F%91%E7%8E%B0&sa=fyb_news,https://fyb-1.cdn.bcebos.com/fyb/de6163834f53ca92c1273fff98ac9078.jpeg
32,陪伴8年的阿姨辞职 店主含泪道别,,4836099,https://m.baidu.com/s?word=%E9%99%AA%E4%BC%B48%E5%B9%B4%E7%9A%84%E9%98%BF%E5%A7%A8%E8%BE%9E%E8%81%8C+%E5%BA%97%E4%B8%BB%E5%90%AB%E6%B3%AA%E9%81%93%E5%88%AB&sa=fyb_news,https://fyb-1.cdn.bcebos.com/fyb/de6163834f53ca92c1273fff98ac9078.jpeg
33,王鹤棣说受不了浓眉的断崖式分手,在最近的一次公开活动里，王鹤棣毫无保留地讲道：“实在无法接受詹眉断崖式分手。”此言一出，立刻在网络上掀起了巨大波澜。,4704232,https://m.baidu.com/s?word=%E7%8E%8B%E9%B9%A4%E6%A3%A3%E8%AF%B4%E5%8F%97%E4%B8%8D%E4%BA%86%E6%B5%93%E7%9C%89%E7%9A%84%E6%96%AD%E5%B4%96%E5%BC%8F%E5%88%86%E6%89%8B&sa=fyb_news,https://fyb-2.cdn.bcebos.com/hotboard_image/1619677ddb744133220b3b5e4adf892b
34,郭富城一天只吃一顿饭,,4674608,https://m.baidu.com/s?word=%E9%83%AD%E5%AF%8C%E5%9F%8E%E4%B8%80%E5%A4%A9%E5%8F%AA%E5%90%83%E4%B8%80%E9%A1%BF%E9%A5%AD&sa=fyb_news,https://fyb-1.cdn.bcebos.com/fyb/de6163834f53ca92c1273fff98ac9078.jpeg
35,女子出示收款码后被盗刷1400多元,,4537857,https://m.baidu.com/s?word=%E5%A5%B3%E5%AD%90%E5%87%BA%E7%A4%BA%E6%94%B6%E6%AC%BE%E7%A0%81%E5%90%8E%E8%A2%AB%E7%9B%97%E5%88%B71400%E5%A4%9A%E5%85%83&sa=fyb_news,https://fyb-1.cdn.bcebos.com/fyb/de6163834f53ca92c1273fff98ac9078.jpeg
36,澡堂垮塌致2死 遇难者家属：系违建,2月14日，河南一澡堂垮塌致2人死亡。遇难者家属：系加高违建，已运营超30年。,4414183,https://m.baidu.com/s?word=%E6%BE%A1%E5%A0%82%E5%9E%AE%E5%A1%8C%E8%87%B42%E6%AD%BB+%E9%81%87%E9%9A%BE%E8%80%85%E5%AE%B6%E5%B1%9E%EF%BC%9A%E7%B3%BB%E8%BF%9D%E5%BB%BA&sa=fyb_news,https://fyb-2.cdn.bcebos.com/hotboard_image/7eb323405b30a33e219534429d6caabb
37,吴敬平说看到乒坛乱象非常难过,,4337952,https://m.baidu.com/s?word=%E5%90%B4%E6%95%AC%E5%B9%B3%E8%AF%B4%E7%9C%8B%E5%88%B0%E4%B9%92%E5%9D%9B%E4%B9%B1%E8%B1%A1%E9%9D%9E%E5%B8%B8%E9%9A%BE%E8%BF%87&sa=fyb_news,https://fyb-1.cdn.bcebos.com/fyb/de6163834f53ca92c1273fff98ac9078.jpeg
38,《哪吒2》票房不降反升,,4239760,https://m.baidu.com/s?word=%E3%80%8A%E5%93%AA%E5%90%922%E3%80%8B%E7%A5%A8%E6%88%BF%E4%B8%8D%E9%99%8D%E5%8F%8D%E5%8D%87&sa=fyb_news,https://fyb-1.cdn.bcebos.com/fyb/de6163834f53ca92c1273fff98ac9078.jpeg
39,《六姊妹》甩出一对“神仙婆媳”,,4176766,https://m.baidu.com/s?word=%E3%80%8A%E5%85%AD%E5%A7%8A%E5%A6%B9%E3%80%8B%E7%94%A9%E5%87%BA%E4%B8%80%E5%AF%B9%E2%80%9C%E7%A5%9E%E4%BB%99%E5%A9%86%E5%AA%B3%E2%80%9D&sa=fyb_news,https://fyb-1.cdn.bcebos.com/fyb/de6163834f53ca92c1273fff98ac9078.jpeg
40,美国爆发反马斯克示威,,4087882,https://m.baidu.com/s?word=%E7%BE%8E%E5%9B%BD%E7%88%86%E5%8F%91%E5%8F%8D%E9%A9%AC%E6%96%AF%E5%85%8B%E7%A4%BA%E5%A8%81&sa=fyb_news,https://fyb-1.cdn.bcebos.com/fyb/de6163834f53ca92c1273fff98ac9078.jpeg
41,57岁大姨一口流利英语卖苹果,,3982086,https://m.baidu.com/s?word=57%E5%B2%81%E5%A4%A7%E5%A7%A8%E4%B8%80%E5%8F%A3%E6%B5%81%E5%88%A9%E8%8B%B1%E8%AF%AD%E5%8D%96%E8%8B%B9%E6%9E%9C&sa=fyb_news,https://fyb-1.cdn.bcebos.com/fyb/de6163834f53ca92c1273fff98ac9078.jpeg
42,超90%成年人体内携带接吻病毒,近日，一男子恋爱后出现发烧、嗓子痛等症状，被确诊为“接吻病”。一感染科主任解释：90%以上的成年人体内都携带有EB病毒。,3887348,https://m.baidu.com/s?word=%E8%B6%8590%25%E6%88%90%E5%B9%B4%E4%BA%BA%E4%BD%93%E5%86%85%E6%90%BA%E5%B8%A6%E6%8E%A5%E5%90%BB%E7%97%85%E6%AF%92&sa=fyb_news,https://fyb-2.cdn.bcebos.com/hotboard_image/af9c055faada4c620c7ef4dfe145af63
43,《哪吒2》让陈塘庄客流量增加近30%,,3759786,https://m.baidu.com/s?word=%E3%80%8A%E5%93%AA%E5%90%922%E3%80%8B%E8%AE%A9%E9%99%88%E5%A1%98%E5%BA%84%E5%AE%A2%E6%B5%81%E9%87%8F%E5%A2%9E%E5%8A%A0%E8%BF%9130%25&sa=fyb_news,https://fyb-1.cdn.bcebos.com/fyb/de6163834f53ca92c1273fff98ac9078.jpeg
44,男子复合后借200万 准丈人报警,,3643233,https://m.baidu.com/s?word=%E7%94%B7%E5%AD%90%E5%A4%8D%E5%90%88%E5%90%8E%E5%80%9F200%E4%B8%87+%E5%87%86%E4%B8%88%E4%BA%BA%E6%8A%A5%E8%AD%A6&sa=fyb_news,https://fyb-1.cdn.bcebos.com/fyb/de6163834f53ca92c1273fff98ac9078.jpeg
45,美利用说唱乐企图颠覆孟加拉国政权,,3516819,https://m.baidu.com/s?word=%E7%BE%8E%E5%88%A9%E7%94%A8%E8%AF%B4%E5%94%B1%E4%B9%90%E4%BC%81%E5%9B%BE%E9%A2%A0%E8%A6%86%E5%AD%9F%E5%8A%A0%E6%8B%89%E5%9B%BD%E6%94%BF%E6%9D%83&sa=fyb_news,https://fyb-1.cdn.bcebos.com/fyb/de6163834f53ca92c1273fff98ac9078.jpeg
46,知名餐饮品牌被曝后厨加工穿山甲,,3444296,https://m.baidu.com/s?word=%E7%9F%A5%E5%90%8D%E9%A4%90%E9%A5%AE%E5%93%81%E7%89%8C%E8%A2%AB%E6%9B%9D%E5%90%8E%E5%8E%A8%E5%8A%A0%E5%B7%A5%E7%A9%BF%E5%B1%B1%E7%94%B2&sa=fyb_news,https://fyb-1.cdn.bcebos.com/fyb/de6163834f53ca92c1273fff98ac9078.jpeg
47,多个地区官宣隐债清零,,3343484,https://m.baidu.com/s?word=%E5%A4%9A%E4%B8%AA%E5%9C%B0%E5%8C%BA%E5%AE%98%E5%AE%A3%E9%9A%90%E5%80%BA%E6%B8%85%E9%9B%B6&sa=fyb_news,https://fyb-1.cdn.bcebos.com/fyb/de6163834f53ca92c1273fff98ac9078.jpeg
48,保安承诺包上岸40多人被骗200万,2022年下半年开始，吴某以有“关系”可搞定社工及公务员招录考试面试为由，骗取40余人钱款共计200余万元。,3211912,https://m.baidu.com/s?word=%E4%BF%9D%E5%AE%89%E6%89%BF%E8%AF%BA%E5%8C%85%E4%B8%8A%E5%B2%B840%E5%A4%9A%E4%BA%BA%E8%A2%AB%E9%AA%97200%E4%B8%87&sa=fyb_news,https://fyb-2.cdn.bcebos.com/hotboard_image/823f8ba717adf1470c89a2d5a71b15e4
49,女子登记结婚被告知已婚6次,,3156042,https://m.baidu.com/s?word=%E5%A5%B3%E5%AD%90%E7%99%BB%E8%AE%B0%E7%BB%93%E5%A9%9A%E8%A2%AB%E5%91%8A%E7%9F%A5%E5%B7%B2%E5%A9%9A6%E6%AC%A1&sa=fyb_news,https://fyb-1.cdn.bcebos.com/fyb/de6163834f53ca92c1273fff98ac9078.jpeg
50,《哪吒2》票房超110亿 冲入全球前11,截至2月15日13时27分，影片《哪吒之魔童闹海》全球票房（含预售及海外票房）已超110亿元，进入全球影史票房榜前11名。,3100000,https://m.baidu.com/s?word=%E3%80%8A%E5%93%AA%E5%90%922%E3%80%8B%E7%A5%A8%E6%88%BF%E8%B6%85110%E4%BA%BF+%E5%86%B2%E5%85%A5%E5%85%A8%E7%90%83%E5%89%8D11&sa=fyb_news,https://fyb-2.cdn.bcebos.com/hotboard_image/063665ffc3518f22e04c60f783f22b8a
